{"accuracy": [0.6953805685043335, 0.8151155114173889, 0.8726961612701416, 0.903781533241272, 0.9231210947036743, 0.935028076171875, 0.9433075785636902, 0.9499634504318237, 0.955169141292572, 0.9587263464927673], "loss": [0.658856213092804, 0.38901853561401367, 0.2864958643913269, 0.2268449068069458, 0.1871691793203354, 0.16164173185825348, 0.14331293106079102, 0.1282370239496231, 0.11692842096090317, 0.10750263184309006], "val_accuracy": [0.770276665687561, 0.8488591313362122, 0.8899340629577637, 0.9080567955970764, 0.92703777551651, 0.9209800362586975, 0.9434441924095154, 0.9339200258255005, 0.9518240690231323, 0.9571077823638916], "val_loss": [0.48163890838623047, 0.34112849831581116, 0.261934369802475, 0.22040154039859772, 0.1821220964193344, 0.1968013048171997, 0.1439708024263382, 0.16828863322734833, 0.12466338276863098, 0.11389119923114777]}